label,timestamp
-1,2008-07-19 11:55:00
-1,2008-07-19 12:32:00
1,2008-07-19 13:17:00
-1,2008-07-19 14:43:00
-1,2008-07-19 15:22:00
-1,2008-07-19 17:53:00
-1,2008-07-19 19:44:00
-1,2008-07-19 19:45:00
-1,2008-07-19 20:24:00
-1,2008-07-19 21:35:00
1,2008-07-19 21:57:00
1,2008-07-19 22:52:00
-1,2008-07-20 03:35:00
-1,2008-07-21 08:21:00
1,2008-07-21 11:53:00
-1,2008-07-22 00:03:00
-1,2008-07-22 02:59:00
-1,2008-07-22 08:41:00
-1,2008-07-22 11:47:00
-1,2008-07-22 14:00:00
-1,2008-07-22 15:30:00
-1,2008-07-23 05:15:00
-1,2008-07-23 19:22:00
1,2008-07-25 15:23:00
-1,2008-07-27 04:18:00
-1,2008-07-27 09:37:00
-1,2008-07-27 11:10:00
-1,2008-07-27 15:46:00
-1,2008-07-27 16:06:00
-1,2008-07-27 16:49:00
-1,2008-07-27 20:24:00
-1,2008-07-27 22:28:00
-1,2008-07-27 22:28:00
-1,2008-07-27 23:14:00
-1,2008-07-28 03:31:00
-1,2008-07-28 03:48:00
-1,2008-07-28 04:37:00
-1,2008-07-28 05:36:00
1,2008-07-28 06:45:00
-1,2008-07-28 08:36:00
1,2008-07-28 15:11:00
-1,2008-07-28 23:57:00
-1,2008-07-29 04:08:00
-1,2008-07-29 05:16:00
-1,2008-07-29 06:19:00
1,2008-07-29 08:23:00
-1,2008-07-29 11:47:00
-1,2008-07-29 15:41:00
1,2008-07-29 15:49:00
1,2008-07-29 17:05:00
1,2008-07-29 18:08:00
-1,2008-07-29 21:07:00
-1,2008-07-29 23:14:00
-1,2008-07-29 23:19:00
-1,2008-07-30 06:30:00
-1,2008-07-30 07:08:00
-1,2008-07-30 12:02:00
1,2008-07-30 12:29:00
1,2008-07-30 21:16:00
-1,2008-07-31 13:57:00
-1,2008-07-31 15:36:00
-1,2008-07-31 17:07:00
1,2008-07-31 20:18:00
-1,2008-08-01 02:02:00
1,2008-08-01 05:52:00
-1,2008-08-01 10:20:00
-1,2008-08-01 10:26:00
-1,2008-08-01 11:28:00
-1,2008-08-01 12:29:00
-1,2008-08-01 14:07:00
-1,2008-08-01 15:10:00
-1,2008-08-02 03:39:00
-1,2008-08-03 13:09:00
-1,2008-08-03 14:06:00
-1,2008-08-03 14:25:00
-1,2008-08-03 15:03:00
-1,2008-08-03 15:27:00
-1,2008-08-03 16:00:00
-1,2008-08-03 17:00:00
-1,2008-08-03 17:58:00
-1,2008-08-03 20:23:00
-1,2008-08-03 22:52:00
1,2008-08-04 00:39:00
-1,2008-08-04 03:45:00
-1,2008-08-04 03:49:00
-1,2008-08-04 13:19:00
-1,2008-08-04 14:04:00
-1,2008-08-04 14:31:00
-1,2008-08-04 15:29:00
-1,2008-08-04 16:15:00
-1,2008-08-04 16:31:00
-1,2008-08-04 17:11:00
-1,2008-08-04 17:46:00
-1,2008-08-04 18:24:00
-1,2008-08-04 19:58:00
-1,2008-08-04 20:32:00
1,2008-08-04 20:58:00
-1,2008-08-04 21:43:00
-1,2008-08-04 22:51:00
-1,2008-08-04 23:33:00
-1,2008-08-05 00:04:00
-1,2008-08-05 01:12:00
-1,2008-08-05 02:15:00
-1,2008-08-05 02:36:00
-1,2008-08-05 02:45:00
-1,2008-08-05 03:17:00
-1,2008-08-05 03:36:00
-1,2008-08-05 03:54:00
-1,2008-08-05 04:32:00
-1,2008-08-05 04:35:00
-1,2008-08-05 05:11:00
-1,2008-08-05 06:10:00
-1,2008-08-05 06:11:00
-1,2008-08-05 06:21:00
-1,2008-08-05 07:12:00
1,2008-08-05 07:12:00
-1,2008-08-05 07:48:00
-1,2008-08-05 08:50:00
-1,2008-08-05 09:48:00
-1,2008-08-05 14:17:00
-1,2008-08-05 14:45:00
-1,2008-08-05 15:45:00
-1,2008-08-05 20:04:00
-1,2008-08-05 21:07:00
-1,2008-08-05 21:22:00
-1,2008-08-05 23:02:00
-1,2008-08-05 23:06:00
-1,2008-08-05 23:38:00
-1,2008-08-06 00:04:00
-1,2008-08-06 02:20:00
-1,2008-08-06 03:22:00
1,2008-08-06 05:40:00
-1,2008-08-06 09:56:00
-1,2008-08-06 09:57:00
-1,2008-08-06 12:33:00
-1,2008-08-06 13:35:00
-1,2008-08-06 17:35:00
-1,2008-08-06 18:00:00
-1,2008-08-06 18:34:00
-1,2008-08-06 19:13:00
-1,2008-08-06 19:24:00
-1,2008-08-06 20:00:00
-1,2008-08-06 20:17:00
-1,2008-08-06 21:15:00
-1,2008-08-06 22:27:00
-1,2008-08-06 23:40:00
-1,2008-08-06 23:45:00
-1,2008-08-07 00:51:00
-1,2008-08-07 07:30:00
-1,2008-08-07 08:21:00
-1,2008-08-07 08:45:00
-1,2008-08-07 08:55:00
-1,2008-08-07 10:12:00
-1,2008-08-07 11:10:00
1,2008-08-07 11:40:00
-1,2008-08-08 04:55:00
-1,2008-08-08 07:26:00
1,2008-08-08 08:44:00
1,2008-08-08 12:37:00
-1,2008-08-08 20:21:00
-1,2008-08-08 21:22:00
-1,2008-08-08 21:53:00
-1,2008-08-08 22:06:00
-1,2008-08-08 22:25:00
-1,2008-08-09 02:15:00
-1,2008-08-09 02:37:00
-1,2008-08-09 06:05:00
1,2008-08-09 09:16:00
-1,2008-08-09 09:22:00
1,2008-08-09 11:42:00
-1,2008-08-09 17:34:00
-1,2008-08-09 19:03:00
-1,2008-08-09 20:04:00
-1,2008-08-09 21:07:00
-1,2008-08-09 22:15:00
-1,2008-08-09 22:37:00
-1,2008-08-09 23:17:00
-1,2008-08-09 23:34:00
-1,2008-08-10 00:09:00
-1,2008-08-10 00:46:00
1,2008-08-10 06:00:00
-1,2008-08-10 06:41:00
1,2008-08-10 07:01:00
-1,2008-08-10 11:16:00
-1,2008-08-10 11:49:00
-1,2008-08-10 12:22:00
1,2008-08-10 15:59:00
-1,2008-08-10 19:07:00
1,2008-08-10 20:07:00
1,2008-08-10 22:26:00
-1,2008-08-11 03:06:00
-1,2008-08-11 04:09:00
-1,2008-08-11 05:15:00
-1,2008-08-11 11:35:00
-1,2008-08-11 12:38:00
-1,2008-08-12 04:23:00
-1,2008-08-12 06:16:00
-1,2008-08-12 10:54:00
-1,2008-08-12 11:29:00
-1,2008-08-12 12:04:00
-1,2008-08-13 02:48:00
-1,2008-08-15 03:26:00
-1,2008-08-15 04:14:00
-1,2008-08-15 05:13:00
-1,2008-08-15 09:38:00
-1,2008-08-15 10:14:00
-1,2008-08-15 11:42:00
-1,2008-08-15 18:19:00
-1,2008-08-15 19:19:00
-1,2008-08-15 20:00:00
-1,2008-08-15 20:03:00
-1,2008-08-15 23:31:00
-1,2008-08-16 02:21:00
-1,2008-08-16 05:47:00
-1,2008-08-16 06:52:00
-1,2008-08-16 07:33:00
-1,2008-08-16 08:39:00
-1,2008-08-16 08:41:00
1,2008-08-16 09:44:00
-1,2008-08-16 13:51:00
-1,2008-08-16 14:30:00
-1,2008-08-16 15:16:00
1,2008-08-16 15:19:00
-1,2008-08-16 23:48:00
-1,2008-08-17 00:52:00
-1,2008-08-17 01:53:00
-1,2008-08-17 03:17:00
-1,2008-08-17 03:18:00
-1,2008-08-17 03:46:00
-1,2008-08-17 04:19:00
-1,2008-08-17 05:21:00
1,2008-08-17 12:16:00
-1,2008-08-17 13:34:00
-1,2008-08-17 14:21:00
-1,2008-08-17 15:25:00
1,2008-08-17 21:26:00
1,2008-08-17 22:03:00
-1,2008-08-17 22:21:00
1,2008-08-17 23:04:00
-1,2008-08-17 23:20:00
1,2008-08-17 23:55:00
1,2008-08-18 00:02:00
-1,2008-08-18 00:20:00
1,2008-08-18 01:23:00
1,2008-08-18 04:01:00
-1,2008-08-18 04:12:00
-1,2008-08-18 04:35:00
-1,2008-08-18 05:03:00
-1,2008-08-18 05:25:00
-1,2008-08-18 06:07:00
-1,2008-08-18 06:11:00
-1,2008-08-18 06:26:00
-1,2008-08-18 07:11:00
-1,2008-08-18 07:23:00
-1,2008-08-18 07:29:00
-1,2008-08-18 08:18:00
-1,2008-08-18 08:31:00
-1,2008-08-18 10:13:00
-1,2008-08-18 11:04:00
-1,2008-08-18 12:00:00
-1,2008-08-18 12:06:00
-1,2008-08-18 12:22:00
-1,2008-08-18 12:49:00
-1,2008-08-18 13:07:00
-1,2008-08-18 14:01:00
-1,2008-08-18 14:04:00
-1,2008-08-18 14:45:00
-1,2008-08-18 15:00:00
-1,2008-08-18 15:26:00
-1,2008-08-18 15:30:00
-1,2008-08-18 15:33:00
-1,2008-08-18 15:41:00
-1,2008-08-18 16:19:00
1,2008-08-18 17:13:00
-1,2008-08-18 17:16:00
-1,2008-08-18 17:37:00
-1,2008-08-18 19:24:00
1,2008-08-18 19:54:00
-1,2008-08-18 23:00:00
-1,2008-08-18 23:03:00
-1,2008-08-18 23:47:00
-1,2008-08-19 01:10:00
1,2008-08-19 03:59:00
-1,2008-08-19 04:58:00
-1,2008-08-19 05:09:00
-1,2008-08-19 05:11:00
-1,2008-08-19 05:11:00
-1,2008-08-19 05:40:00
-1,2008-08-19 05:41:00
-1,2008-08-19 05:53:00
-1,2008-08-19 05:54:00
1,2008-08-19 05:56:00
-1,2008-08-19 06:24:00
-1,2008-08-19 07:43:00
1,2008-08-19 07:58:00
-1,2008-08-19 08:01:00
-1,2008-08-19 08:07:00
-1,2008-08-19 08:33:00
-1,2008-08-19 09:04:00
-1,2008-08-19 09:05:00
-1,2008-08-19 10:46:00
-1,2008-08-19 11:11:00
-1,2008-08-19 11:13:00
-1,2008-08-19 11:13:00
-1,2008-08-19 11:28:00
-1,2008-08-19 11:44:00
-1,2008-08-19 11:46:00
-1,2008-08-19 11:57:00
-1,2008-08-19 11:58:00
-1,2008-08-19 12:30:00
-1,2008-08-19 15:33:00
-1,2008-08-19 18:12:00
-1,2008-08-19 18:12:00
-1,2008-08-19 18:30:00
-1,2008-08-19 18:30:00
-1,2008-08-19 19:38:00
-1,2008-08-19 20:53:00
-1,2008-08-20 00:05:00
-1,2008-08-20 01:33:00
-1,2008-08-20 01:42:00
-1,2008-08-20 02:13:00
1,2008-08-20 02:27:00
-1,2008-08-20 03:00:00
1,2008-08-20 03:12:00
-1,2008-08-20 06:36:00
-1,2008-08-20 07:12:00
1,2008-08-20 08:40:00
1,2008-08-20 09:17:00
-1,2008-08-20 10:26:00
-1,2008-08-20 16:08:00
-1,2008-08-20 16:16:00
-1,2008-08-20 17:09:00
-1,2008-08-20 17:35:00
-1,2008-08-20 17:36:00
-1,2008-08-20 18:29:00
-1,2008-08-20 18:35:00
1,2008-08-20 19:20:00
-1,2008-08-20 20:19:00
-1,2008-08-20 21:33:00
-1,2008-08-20 21:41:00
-1,2008-08-20 21:58:00
-1,2008-08-20 22:13:00
-1,2008-08-20 22:45:00
-1,2008-08-20 23:18:00
1,2008-08-20 23:43:00
-1,2008-08-21 02:11:00
-1,2008-08-21 02:46:00
-1,2008-08-21 04:22:00
-1,2008-08-21 04:29:00
-1,2008-08-21 05:06:00
-1,2008-08-21 05:15:00
1,2008-08-21 06:10:00
-1,2008-08-21 11:22:00
-1,2008-08-21 12:00:00
-1,2008-08-21 12:31:00
-1,2008-08-21 12:33:00
-1,2008-08-21 12:43:00
-1,2008-08-21 12:52:00
-1,2008-08-21 13:11:00
-1,2008-08-21 13:19:00
-1,2008-08-21 13:29:00
-1,2008-08-21 13:45:00
-1,2008-08-21 14:47:00
-1,2008-08-21 15:05:00
-1,2008-08-21 15:06:00
-1,2008-08-21 15:32:00
-1,2008-08-21 15:48:00
-1,2008-08-21 15:50:00
1,2008-08-21 16:19:00
-1,2008-08-21 16:36:00
-1,2008-08-21 17:25:00
-1,2008-08-21 17:44:00
-1,2008-08-21 18:04:00
1,2008-08-21 18:05:00
-1,2008-08-21 18:39:00
-1,2008-08-21 18:53:00
-1,2008-08-21 19:12:00
-1,2008-08-21 19:12:00
-1,2008-08-21 19:46:00
-1,2008-08-21 20:19:00
-1,2008-08-21 20:21:00
-1,2008-08-21 20:37:00
-1,2008-08-21 21:32:00
-1,2008-08-21 22:25:00
-1,2008-08-21 22:41:00
-1,2008-08-21 23:08:00
-1,2008-08-21 23:27:00
-1,2008-08-21 23:53:00
-1,2008-08-21 23:57:00
-1,2008-08-22 00:43:00
-1,2008-08-22 00:44:00
-1,2008-08-22 00:47:00
1,2008-08-22 01:04:00
-1,2008-08-22 01:26:00
-1,2008-08-22 01:27:00
-1,2008-08-22 01:54:00
-1,2008-08-22 02:01:00
-1,2008-08-22 02:25:00
-1,2008-08-22 02:52:00
-1,2008-08-22 03:18:00
-1,2008-08-22 03:58:00
-1,2008-08-22 04:40:00
-1,2008-08-22 04:57:00
-1,2008-08-22 05:21:00
-1,2008-08-22 05:31:00
-1,2008-08-22 05:32:00
1,2008-08-22 06:00:00
-1,2008-08-22 07:04:00
-1,2008-08-22 07:17:00
-1,2008-08-22 07:27:00
-1,2008-08-22 09:29:00
-1,2008-08-22 09:29:00
-1,2008-08-22 10:01:00
-1,2008-08-22 10:18:00
-1,2008-08-22 10:47:00
-1,2008-08-22 11:32:00
-1,2008-08-22 12:13:00
-1,2008-08-22 12:37:00
-1,2008-08-22 12:42:00
-1,2008-08-22 13:22:00
-1,2008-08-22 14:45:00
-1,2008-08-22 15:25:00
-1,2008-08-22 15:39:00
-1,2008-08-22 15:54:00
1,2008-08-22 19:14:00
-1,2008-08-22 23:46:00
-1,2008-08-22 23:47:00
-1,2008-08-22 23:49:00
-1,2008-08-22 23:56:00
-1,2008-08-23 02:04:00
-1,2008-08-23 03:26:00
-1,2008-08-23 04:50:00
-1,2008-08-23 04:52:00
-1,2008-08-23 05:57:00
-1,2008-08-23 05:57:00
-1,2008-08-23 05:58:00
-1,2008-08-23 05:58:00
-1,2008-08-23 09:24:00
-1,2008-08-23 12:58:00
-1,2008-08-23 13:02:00
-1,2008-08-23 15:10:00
1,2008-08-23 15:29:00
-1,2008-08-24 02:32:00
-1,2008-08-24 04:00:00
-1,2008-08-24 07:12:00
-1,2008-08-24 07:14:00
-1,2008-08-24 10:09:00
-1,2008-08-24 10:14:00
1,2008-08-24 13:03:00
-1,2008-08-25 09:29:00
-1,2008-08-27 00:46:00
-1,2008-08-27 11:38:00
-1,2008-08-27 12:22:00
-1,2008-08-27 13:35:00
-1,2008-08-27 14:18:00
-1,2008-08-27 17:14:00
-1,2008-08-27 22:48:00
-1,2008-08-27 22:58:00
-1,2008-08-28 03:03:00
-1,2008-08-28 03:04:00
-1,2008-08-28 03:29:00
-1,2008-08-28 03:38:00
-1,2008-08-28 03:45:00
-1,2008-08-28 04:10:00
-1,2008-08-28 04:20:00
-1,2008-08-28 04:54:00
-1,2008-08-28 05:00:00
-1,2008-08-28 06:15:00
-1,2008-08-28 06:39:00
-1,2008-08-28 06:56:00
-1,2008-08-28 07:40:00
-1,2008-08-28 07:51:00
-1,2008-08-28 08:41:00
-1,2008-08-28 09:46:00
-1,2008-08-28 09:49:00
-1,2008-08-28 10:15:00
-1,2008-08-28 10:28:00
-1,2008-08-28 10:32:00
-1,2008-08-28 11:19:00
-1,2008-08-28 12:44:00
-1,2008-08-28 14:48:00
-1,2008-08-28 15:19:00
-1,2008-08-28 16:01:00
-1,2008-08-28 16:43:00
-1,2008-08-28 16:52:00
-1,2008-08-28 17:21:00
-1,2008-08-28 17:27:00
-1,2008-08-28 17:32:00
-1,2008-08-28 18:05:00
-1,2008-08-28 18:10:00
-1,2008-08-28 18:15:00
-1,2008-08-28 18:25:00
-1,2008-08-28 18:47:00
-1,2008-08-28 18:57:00
-1,2008-08-28 20:20:00
1,2008-08-28 20:39:00
-1,2008-08-28 21:03:00
-1,2008-08-28 21:52:00
-1,2008-08-28 22:57:00
-1,2008-08-28 23:40:00
-1,2008-08-28 23:42:00
-1,2008-08-29 00:49:00
-1,2008-08-29 01:06:00
-1,2008-08-29 02:38:00
-1,2008-08-29 02:39:00
-1,2008-08-29 03:27:00
-1,2008-08-29 03:33:00
-1,2008-08-29 03:46:00
1,2008-08-29 04:55:00
-1,2008-08-29 04:56:00
-1,2008-08-29 05:16:00
-1,2008-08-29 05:54:00
-1,2008-08-29 05:54:00
-1,2008-08-29 05:57:00
-1,2008-08-29 05:57:00
-1,2008-08-29 06:35:00
-1,2008-08-29 06:37:00
-1,2008-08-29 06:40:00
1,2008-08-29 06:45:00
-1,2008-08-29 06:54:00
-1,2008-08-29 07:18:00
-1,2008-08-29 07:22:00
-1,2008-08-29 07:24:00
-1,2008-08-29 07:33:00
-1,2008-08-29 07:33:00
-1,2008-08-29 08:10:00
-1,2008-08-29 08:20:00
-1,2008-08-29 08:41:00
-1,2008-08-29 08:45:00
-1,2008-08-29 12:21:00
-1,2008-08-29 12:22:00
-1,2008-08-29 12:37:00
-1,2008-08-29 13:04:00
-1,2008-08-29 13:14:00
-1,2008-08-29 13:27:00
-1,2008-08-29 13:49:00
-1,2008-08-29 14:11:00
-1,2008-08-29 14:18:00
-1,2008-08-29 14:30:00
-1,2008-08-29 15:01:00
-1,2008-08-29 15:43:00
-1,2008-08-29 16:26:00
-1,2008-08-29 20:21:00
-1,2008-08-29 20:49:00
-1,2008-08-29 21:25:00
-1,2008-08-29 21:46:00
-1,2008-08-29 21:54:00
-1,2008-08-29 22:11:00
-1,2008-08-29 22:45:00
-1,2008-08-29 22:49:00
-1,2008-08-29 22:56:00
-1,2008-08-30 00:01:00
-1,2008-08-30 00:05:00
-1,2008-08-30 00:57:00
-1,2008-08-30 01:29:00
-1,2008-08-30 02:08:00
-1,2008-08-30 02:22:00
-1,2008-08-30 02:32:00
-1,2008-08-30 02:39:00
-1,2008-08-30 02:50:00
-1,2008-08-30 03:10:00
-1,2008-08-30 04:20:00
-1,2008-08-30 04:24:00
-1,2008-08-30 04:55:00
-1,2008-08-30 05:05:00
-1,2008-08-30 05:05:00
-1,2008-08-30 05:38:00
-1,2008-08-30 05:51:00
-1,2008-08-30 07:50:00
-1,2008-08-30 07:54:00
-1,2008-08-30 08:10:00
-1,2008-08-30 08:29:00
-1,2008-08-30 08:42:00
-1,2008-08-30 08:53:00
-1,2008-08-30 09:13:00
-1,2008-08-30 09:37:00
1,2008-08-30 09:45:00
-1,2008-08-30 10:15:00
-1,2008-08-30 10:16:00
-1,2008-08-30 11:12:00
-1,2008-08-30 11:14:00
-1,2008-08-30 11:18:00
-1,2008-08-30 11:57:00
1,2008-08-30 14:10:00
-1,2008-08-30 14:23:00
-1,2008-08-30 14:37:00
-1,2008-08-30 15:06:00
-1,2008-08-30 15:16:00
-1,2008-08-30 15:37:00
-1,2008-08-30 15:50:00
-1,2008-08-30 15:57:00
-1,2008-08-30 16:24:00
-1,2008-08-30 17:05:00
-1,2008-08-30 17:49:00
-1,2008-08-30 19:21:00
-1,2008-08-30 19:27:00
-1,2008-08-30 20:11:00
-1,2008-08-30 20:53:00
-1,2008-08-30 21:53:00
-1,2008-08-30 23:51:00
-1,2008-08-31 02:57:00
1,2008-08-31 04:46:00
-1,2008-08-31 05:05:00
-1,2008-08-31 09:11:00
-1,2008-08-31 10:36:00
1,2008-08-31 10:59:00
-1,2008-08-31 10:59:00
-1,2008-08-31 11:03:00
-1,2008-08-31 15:09:00
-1,2008-08-31 15:13:00
-1,2008-08-31 16:32:00
-1,2008-08-31 20:24:00
-1,2008-08-31 21:04:00
-1,2008-08-31 21:46:00
-1,2008-08-31 21:58:00
-1,2008-08-31 22:32:00
-1,2008-08-31 22:48:00
-1,2008-08-31 22:57:00
-1,2008-09-01 00:01:00
-1,2008-09-01 00:39:00
-1,2008-09-01 00:45:00
-1,2008-09-01 00:53:00
-1,2008-09-01 05:29:00
-1,2008-09-01 05:32:00
-1,2008-09-01 06:12:00
-1,2008-09-01 06:21:00
-1,2008-09-01 06:52:00
-1,2008-09-01 08:18:00
-1,2008-09-01 09:06:00
-1,2008-09-01 09:19:00
-1,2008-09-01 09:54:00
-1,2008-09-01 10:57:00
-1,2008-09-01 11:40:00
-1,2008-09-01 16:20:00
1,2008-09-01 19:54:00
-1,2008-09-01 20:51:00
-1,2008-09-01 22:05:00
-1,2008-09-01 23:05:00
-1,2008-09-01 23:19:00
-1,2008-09-01 23:24:00
-1,2008-09-01 23:28:00
-1,2008-09-01 23:39:00
-1,2008-09-01 23:45:00
-1,2008-09-01 23:59:00
-1,2008-09-02 00:26:00
-1,2008-09-02 00:31:00
-1,2008-09-02 00:46:00
-1,2008-09-02 01:09:00
-1,2008-09-02 01:10:00
-1,2008-09-02 01:10:00
-1,2008-09-02 01:36:00
-1,2008-09-02 01:50:00
-1,2008-09-02 02:02:00
-1,2008-09-02 02:11:00
-1,2008-09-02 02:50:00
-1,2008-09-02 02:52:00
-1,2008-09-02 03:33:00
-1,2008-09-02 03:35:00
-1,2008-09-02 03:35:00
-1,2008-09-02 04:19:00
-1,2008-09-02 04:22:00
-1,2008-09-02 05:46:00
-1,2008-09-02 06:03:00
-1,2008-09-02 06:19:00
-1,2008-09-02 06:32:00
-1,2008-09-02 06:48:00
-1,2008-09-02 07:22:00
-1,2008-09-02 07:32:00
-1,2008-09-02 08:15:00
-1,2008-09-02 08:54:00
-1,2008-09-02 09:36:00
-1,2008-09-02 09:37:00
-1,2008-09-02 10:13:00
-1,2008-09-02 10:21:00
-1,2008-09-02 10:25:00
-1,2008-09-02 10:33:00
-1,2008-09-02 11:08:00
-1,2008-09-02 11:22:00
-1,2008-09-02 11:47:00
-1,2008-09-02 11:49:00
-1,2008-09-02 12:01:00
-1,2008-09-02 12:17:00
-1,2008-09-02 12:26:00
-1,2008-09-02 12:30:00
-1,2008-09-02 12:44:00
-1,2008-09-02 13:05:00
-1,2008-09-02 13:08:00
-1,2008-09-02 13:27:00
-1,2008-09-02 13:40:00
-1,2008-09-02 14:09:00
-1,2008-09-02 14:21:00
-1,2008-09-02 14:34:00
-1,2008-09-02 15:29:00
-1,2008-09-02 16:10:00
-1,2008-09-02 16:50:00
-1,2008-09-02 16:54:00
-1,2008-09-02 16:58:00
-1,2008-09-02 17:10:00
-1,2008-09-02 17:18:00
-1,2008-09-02 18:38:00
-1,2008-09-02 18:52:00
-1,2008-09-02 19:18:00
-1,2008-09-02 20:18:00
-1,2008-09-02 20:52:00
-1,2008-09-02 20:58:00
-1,2008-09-02 20:59:00
-1,2008-09-03 00:18:00
-1,2008-09-03 00:45:00
-1,2008-09-03 00:58:00
1,2008-09-03 01:15:00
-1,2008-09-03 01:32:00
-1,2008-09-03 04:18:00
-1,2008-09-03 06:26:00
-1,2008-09-03 09:38:00
-1,2008-09-03 14:24:00
-1,2008-09-03 14:29:00
-1,2008-09-03 17:22:00
-1,2008-09-03 18:16:00
-1,2008-09-03 18:16:00
-1,2008-09-03 20:00:00
-1,2008-09-03 20:10:00
-1,2008-09-04 08:01:00
-1,2008-09-04 08:22:00
-1,2008-09-04 08:33:00
-1,2008-09-04 08:41:00
-1,2008-09-04 08:53:00
-1,2008-09-04 11:50:00
-1,2008-09-04 14:09:00
-1,2008-09-04 14:11:00
-1,2008-09-04 14:48:00
-1,2008-09-04 16:30:00
-1,2008-09-04 16:41:00
-1,2008-09-04 16:56:00
-1,2008-09-04 17:30:00
-1,2008-09-05 15:30:00
-1,2008-09-05 21:48:00
-1,2008-09-07 00:08:00
-1,2008-09-07 00:12:00
-1,2008-09-07 00:49:00
-1,2008-09-07 10:52:00
-1,2008-09-07 12:04:00
-1,2008-09-07 12:20:00
-1,2008-09-07 13:02:00
-1,2008-09-07 18:02:00
-1,2008-09-07 18:24:00
-1,2008-09-07 18:49:00
-1,2008-09-07 19:29:00
-1,2008-09-07 19:31:00
-1,2008-09-07 20:12:00
-1,2008-09-07 20:50:00
-1,2008-09-07 23:33:00
-1,2008-09-08 00:32:00
-1,2008-09-08 00:40:00
-1,2008-09-08 01:24:00
-1,2008-09-08 03:32:00
-1,2008-09-08 03:48:00
-1,2008-09-08 04:21:00
-1,2008-09-08 06:37:00
-1,2008-09-08 07:14:00
-1,2008-09-08 07:41:00
-1,2008-09-08 18:46:00
-1,2008-09-08 19:14:00
-1,2008-09-08 19:15:00
-1,2008-09-08 19:25:00
-1,2008-09-08 19:33:00
-1,2008-09-08 20:00:00
-1,2008-09-08 21:36:00
-1,2008-09-08 21:53:00
-1,2008-09-08 22:17:00
-1,2008-09-09 00:25:00
-1,2008-09-09 03:53:00
-1,2008-09-09 08:44:00
-1,2008-09-10 07:26:00
-1,2008-09-10 09:21:00
-1,2008-09-10 20:52:00
-1,2008-09-10 20:53:00
-1,2008-09-10 21:56:00
-1,2008-09-10 23:30:00
-1,2008-09-10 23:43:00
-1,2008-09-11 00:17:00
-1,2008-09-11 05:20:00
-1,2008-09-11 06:04:00
-1,2008-09-11 07:43:00
-1,2008-09-11 08:06:00
-1,2008-09-11 08:58:00
-1,2008-09-11 09:24:00
-1,2008-09-11 12:47:00
-1,2008-09-11 13:36:00
-1,2008-09-11 14:20:00
-1,2008-09-11 14:24:00
-1,2008-09-11 14:31:00
-1,2008-09-11 15:05:00
-1,2008-09-11 15:08:00
-1,2008-09-11 16:28:00
-1,2008-09-11 21:13:00
1,2008-09-11 22:07:00
-1,2008-09-11 23:10:00
1,2008-09-11 23:48:00
-1,2008-09-12 05:11:00
-1,2008-09-12 05:55:00
-1,2008-09-12 06:38:00
-1,2008-09-12 06:41:00
-1,2008-09-12 06:45:00
-1,2008-09-12 07:21:00
-1,2008-09-12 07:29:00
-1,2008-09-12 07:38:00
-1,2008-09-12 11:57:00
-1,2008-09-12 13:08:00
-1,2008-09-12 14:52:00
-1,2008-09-12 15:40:00
-1,2008-09-12 16:23:00
-1,2008-09-12 18:01:00
-1,2008-09-12 18:52:00
-1,2008-09-12 19:36:00
-1,2008-09-12 20:28:00
-1,2008-09-12 21:12:00
-1,2008-09-12 22:25:00
-1,2008-09-12 22:45:00
-1,2008-09-12 23:28:00
-1,2008-09-12 23:40:00
-1,2008-09-13 00:25:00
-1,2008-09-13 02:57:00
-1,2008-09-13 03:14:00
-1,2008-09-13 09:19:00
-1,2008-09-13 10:55:00
-1,2008-09-13 11:42:00
1,2008-09-13 11:56:00
-1,2008-09-13 12:48:00
-1,2008-09-13 14:07:00
-1,2008-09-13 16:04:00
-1,2008-09-13 16:04:00
1,2008-09-13 20:06:00
-1,2008-09-14 02:50:00
-1,2008-09-14 02:59:00
-1,2008-09-14 15:02:00
-1,2008-09-14 15:46:00
-1,2008-09-14 16:34:00
-1,2008-09-14 17:40:00
-1,2008-09-14 18:27:00
-1,2008-09-14 18:27:00
-1,2008-09-14 19:13:00
-1,2008-09-14 20:00:00
-1,2008-09-14 20:43:00
-1,2008-09-14 20:45:00
-1,2008-09-14 21:31:00
-1,2008-09-14 23:00:00
-1,2008-09-15 02:04:00
-1,2008-09-15 10:03:00
-1,2008-09-15 11:40:00
-1,2008-09-15 12:27:00
-1,2008-09-15 16:10:00
-1,2008-09-15 16:59:00
-1,2008-09-15 19:54:00
-1,2008-09-15 21:56:00
-1,2008-09-15 22:13:00
-1,2008-09-15 22:45:00
-1,2008-09-15 22:54:00
-1,2008-09-15 23:37:00
-1,2008-09-16 07:39:00
-1,2008-09-16 07:48:00
-1,2008-09-16 08:50:00
-1,2008-09-16 08:52:00
-1,2008-09-16 09:37:00
-1,2008-09-16 17:07:00
-1,2008-09-16 18:09:00
-1,2008-09-16 18:23:00
-1,2008-09-16 19:34:00
-1,2008-09-16 19:45:00
-1,2008-09-16 21:21:00
-1,2008-09-16 22:45:00
-1,2008-09-17 02:01:00
1,2008-09-17 04:23:00
-1,2008-09-17 07:14:00
-1,2008-09-17 07:28:00
-1,2008-09-17 21:52:00
-1,2008-09-18 00:57:00
-1,2008-09-18 01:40:00
-1,2008-09-18 01:43:00
-1,2008-09-18 02:01:00
-1,2008-09-18 03:58:00
-1,2008-09-18 03:58:00
-1,2008-09-18 05:44:00
-1,2008-09-18 05:58:00
-1,2008-09-18 08:04:00
-1,2008-09-18 10:48:00
-1,2008-09-18 13:48:00
-1,2008-09-18 17:22:00
-1,2008-09-18 18:12:00
-1,2008-09-18 18:56:00
-1,2008-09-18 21:12:00
-1,2008-09-18 21:56:00
-1,2008-09-18 23:00:00
-1,2008-09-18 23:05:00
-1,2008-09-18 23:44:00
-1,2008-09-19 00:30:00
-1,2008-09-19 01:57:00
-1,2008-09-19 02:44:00
-1,2008-09-19 04:42:00
-1,2008-09-19 05:33:00
-1,2008-09-19 05:57:00
-1,2008-09-19 06:01:00
-1,2008-09-19 06:44:00
-1,2008-09-19 07:14:00
-1,2008-09-19 07:18:00
-1,2008-09-19 08:08:00
-1,2008-09-19 08:52:00
-1,2008-09-19 09:12:00
-1,2008-09-19 09:47:00
-1,2008-09-19 10:45:00
-1,2008-09-19 11:13:00
-1,2008-09-19 11:54:00
-1,2008-09-19 13:59:00
-1,2008-09-19 15:31:00
-1,2008-09-19 16:40:00
1,2008-09-19 16:58:00
-1,2008-09-19 17:47:00
-1,2008-09-19 18:11:00
-1,2008-09-19 18:33:00
-1,2008-09-19 19:18:00
-1,2008-09-19 19:29:00
-1,2008-09-19 20:05:00
-1,2008-09-19 20:07:00
-1,2008-09-19 20:10:00
-1,2008-09-19 20:17:00
1,2008-09-19 20:19:00
-1,2008-09-19 21:08:00
1,2008-09-19 21:09:00
-1,2008-09-19 21:13:00
-1,2008-09-19 21:14:00
1,2008-09-19 21:59:00
-1,2008-09-19 23:26:00
-1,2008-09-19 23:33:00
-1,2008-09-20 00:18:00
-1,2008-09-20 00:33:00
-1,2008-09-20 03:58:00
-1,2008-09-20 04:13:00
-1,2008-09-20 04:28:00
-1,2008-09-20 05:22:00
-1,2008-09-20 05:25:00
-1,2008-09-20 05:34:00
-1,2008-09-20 06:08:00
-1,2008-09-20 07:21:00
-1,2008-09-20 08:14:00
-1,2008-09-20 10:51:00
-1,2008-09-20 11:18:00
-1,2008-09-20 12:20:00
-1,2008-09-20 12:26:00
-1,2008-09-20 12:27:00
-1,2008-09-20 12:36:00
-1,2008-09-20 12:57:00
-1,2008-09-20 14:00:00
-1,2008-09-20 14:06:00
-1,2008-09-20 14:42:00
-1,2008-09-20 14:50:00
-1,2008-09-20 14:53:00
-1,2008-09-20 15:02:00
-1,2008-09-20 15:19:00
-1,2008-09-20 15:37:00
-1,2008-09-20 15:46:00
-1,2008-09-20 16:43:00
-1,2008-09-20 16:44:00
-1,2008-09-20 17:26:00
-1,2008-09-20 17:29:00
-1,2008-09-20 18:03:00
-1,2008-09-20 18:21:00
-1,2008-09-20 18:56:00
-1,2008-09-20 19:14:00
-1,2008-09-20 19:21:00
-1,2008-09-20 23:34:00
-1,2008-09-21 00:48:00
-1,2008-09-21 01:06:00
-1,2008-09-21 02:07:00
-1,2008-09-21 03:04:00
-1,2008-09-21 03:47:00
-1,2008-09-21 04:17:00
-1,2008-09-21 04:49:00
-1,2008-09-21 07:30:00
-1,2008-09-21 07:55:00
-1,2008-09-21 08:22:00
-1,2008-09-21 08:49:00
-1,2008-09-21 09:16:00
-1,2008-09-21 09:31:00
-1,2008-09-21 10:07:00
-1,2008-09-21 10:49:00
-1,2008-09-21 11:33:00
-1,2008-09-21 12:04:00
-1,2008-09-21 14:30:00
-1,2008-09-21 14:31:00
-1,2008-09-21 14:33:00
-1,2008-09-21 15:15:00
-1,2008-09-21 15:26:00
-1,2008-09-21 15:34:00
-1,2008-09-21 16:43:00
-1,2008-09-21 17:26:00
-1,2008-09-21 17:30:00
-1,2008-09-21 18:12:00
-1,2008-09-21 19:19:00
-1,2008-09-21 20:35:00
-1,2008-09-21 21:54:00
-1,2008-09-21 22:02:00
-1,2008-09-22 00:12:00
-1,2008-09-22 00:28:00
-1,2008-09-22 00:47:00
-1,2008-09-22 01:43:00
-1,2008-09-22 03:51:00
-1,2008-09-22 06:05:00
-1,2008-09-22 07:12:00
-1,2008-09-22 10:43:00
-1,2008-09-22 11:50:00
-1,2008-09-22 12:11:00
-1,2008-09-22 12:45:00
-1,2008-09-22 13:03:00
-1,2008-09-22 14:24:00
-1,2008-09-22 14:27:00
-1,2008-09-22 14:36:00
-1,2008-09-22 16:25:00
-1,2008-09-22 21:30:00
-1,2008-09-22 21:31:00
-1,2008-09-22 22:15:00
-1,2008-09-22 22:17:00
-1,2008-09-22 23:01:00
-1,2008-09-22 23:10:00
-1,2008-09-23 00:57:00
-1,2008-09-23 06:44:00
-1,2008-09-23 06:44:00
-1,2008-09-23 06:52:00
-1,2008-09-23 07:58:00
-1,2008-09-23 08:11:00
-1,2008-09-23 09:43:00
1,2008-09-23 11:14:00
-1,2008-09-23 11:42:00
-1,2008-09-23 11:43:00
-1,2008-09-23 12:29:00
-1,2008-09-23 12:31:00
-1,2008-09-23 12:46:00
-1,2008-09-23 13:37:00
-1,2008-09-23 15:23:00
-1,2008-09-23 15:33:00
-1,2008-09-23 15:58:00
-1,2008-09-23 18:10:00
-1,2008-09-23 18:36:00
-1,2008-09-23 18:56:00
-1,2008-09-23 20:18:00
-1,2008-09-23 20:59:00
-1,2008-09-23 21:26:00
-1,2008-09-23 22:25:00
-1,2008-09-24 02:19:00
-1,2008-09-24 02:44:00
-1,2008-09-24 03:32:00
-1,2008-09-24 03:40:00
-1,2008-09-24 05:13:00
-1,2008-09-24 05:22:00
-1,2008-09-24 06:13:00
-1,2008-09-24 06:14:00
-1,2008-09-24 07:23:00
-1,2008-09-24 10:10:00
-1,2008-09-24 10:53:00
-1,2008-09-24 10:59:00
-1,2008-09-24 11:47:00
-1,2008-09-24 12:04:00
-1,2008-09-24 12:35:00
-1,2008-09-24 13:01:00
1,2008-09-24 15:05:00
-1,2008-09-24 15:39:00
-1,2008-09-24 15:42:00
-1,2008-09-24 15:43:00
-1,2008-09-24 16:26:00
-1,2008-09-24 17:54:00
-1,2008-09-24 18:05:00
-1,2008-09-25 01:05:00
-1,2008-09-25 02:03:00
-1,2008-09-25 06:21:00
-1,2008-09-25 07:12:00
-1,2008-09-25 07:58:00
-1,2008-09-25 08:45:00
-1,2008-09-25 09:31:00
-1,2008-09-25 10:23:00
-1,2008-09-25 11:08:00
-1,2008-09-25 11:09:00
-1,2008-09-25 11:55:00
-1,2008-09-25 13:42:00
-1,2008-09-25 14:08:00
-1,2008-09-25 14:28:00
-1,2008-09-25 15:12:00
-1,2008-09-25 15:40:00
-1,2008-09-25 15:55:00
-1,2008-09-25 16:44:00
-1,2008-09-25 17:28:00
-1,2008-09-25 17:29:00
-1,2008-09-25 19:49:00
-1,2008-09-25 22:05:00
-1,2008-09-25 23:04:00
-1,2008-09-25 23:48:00
-1,2008-09-26 00:19:00
-1,2008-09-26 01:21:00
-1,2008-09-26 02:26:00
-1,2008-09-26 03:12:00
-1,2008-09-26 03:29:00
-1,2008-09-26 04:14:00
-1,2008-09-26 05:32:00
-1,2008-09-26 11:08:00
-1,2008-09-26 13:36:00
-1,2008-09-26 13:45:00
-1,2008-09-26 14:20:00
-1,2008-09-26 14:51:00
-1,2008-09-26 15:06:00
-1,2008-09-26 15:36:00
-1,2008-09-26 15:49:00
-1,2008-09-26 16:31:00
-1,2008-09-26 17:59:00
-1,2008-09-26 18:54:00
-1,2008-09-26 19:38:00
-1,2008-09-26 19:45:00
-1,2008-09-26 19:55:00
-1,2008-09-26 20:23:00
-1,2008-09-26 20:31:00
-1,2008-09-27 00:16:00
-1,2008-09-27 00:17:00
-1,2008-09-27 01:29:00
-1,2008-09-27 03:53:00
-1,2008-09-27 10:10:00
-1,2008-09-27 10:13:00
-1,2008-09-27 11:04:00
-1,2008-09-27 11:45:00
-1,2008-09-27 11:54:00
-1,2008-09-27 12:26:00
-1,2008-09-27 12:28:00
-1,2008-09-27 12:36:00
-1,2008-09-27 13:14:00
-1,2008-09-27 13:19:00
-1,2008-09-27 14:01:00
-1,2008-09-27 14:05:00
-1,2008-09-27 14:46:00
-1,2008-09-27 15:09:00
-1,2008-09-27 15:30:00
-1,2008-09-27 16:13:00
-1,2008-09-27 17:26:00
-1,2008-09-27 18:14:00
-1,2008-09-27 19:16:00
-1,2008-09-27 20:46:00
-1,2008-09-27 21:45:00
-1,2008-09-28 00:51:00
-1,2008-09-28 01:22:00
-1,2008-09-28 03:55:00
1,2008-09-28 04:45:00
-1,2008-09-28 05:31:00
-1,2008-09-28 06:22:00
-1,2008-09-28 07:38:00
-1,2008-09-28 07:52:00
-1,2008-09-28 08:40:00
-1,2008-09-28 08:41:00
1,2008-09-28 09:50:00
-1,2008-09-28 17:05:00
-1,2008-09-28 17:06:00
-1,2008-09-28 17:49:00
-1,2008-09-28 17:55:00
-1,2008-09-28 18:34:00
-1,2008-09-28 18:43:00
-1,2008-09-28 19:18:00
-1,2008-09-28 19:29:00
-1,2008-09-28 20:02:00
-1,2008-09-28 20:42:00
-1,2008-09-28 21:08:00
-1,2008-09-28 21:27:00
-1,2008-09-28 22:44:00
-1,2008-09-28 23:54:00
-1,2008-09-29 02:06:00
-1,2008-09-29 03:07:00
-1,2008-09-29 03:50:00
-1,2008-09-29 04:18:00
-1,2008-09-29 04:47:00
-1,2008-09-29 05:32:00
-1,2008-09-29 07:53:00
-1,2008-09-29 09:15:00
-1,2008-09-29 11:13:00
-1,2008-09-29 11:53:00
-1,2008-09-29 12:25:00
-1,2008-09-29 14:03:00
-1,2008-09-29 14:04:00
-1,2008-09-29 14:08:00
-1,2008-09-29 15:09:00
-1,2008-09-29 15:16:00
-1,2008-09-29 16:27:00
-1,2008-09-29 17:21:00
-1,2008-09-29 21:26:00
1,2008-09-29 21:48:00
-1,2008-09-29 22:13:00
-1,2008-09-30 01:33:00
-1,2008-09-30 01:36:00
1,2008-09-30 02:44:00
-1,2008-09-30 04:01:00
-1,2008-09-30 04:42:00
-1,2008-09-30 08:44:00
-1,2008-09-30 12:31:00
-1,2008-09-30 13:29:00
-1,2008-09-30 14:20:00
-1,2008-09-30 14:36:00
-1,2008-09-30 15:16:00
-1,2008-09-30 15:26:00
-1,2008-09-30 16:13:00
-1,2008-09-30 16:50:00
-1,2008-09-30 17:27:00
-1,2008-09-30 19:17:00
-1,2008-09-30 19:17:00
-1,2008-09-30 21:39:00
-1,2008-09-30 21:42:00
-1,2008-09-30 23:34:00
-1,2008-09-30 23:58:00
-1,2008-10-01 00:20:00
-1,2008-10-01 01:11:00
-1,2008-10-01 02:53:00
1,2008-10-01 05:56:00
-1,2008-10-01 07:19:00
-1,2008-10-01 07:28:00
-1,2008-10-01 08:15:00
-1,2008-10-01 09:15:00
-1,2008-10-01 09:16:00
-1,2008-10-01 14:22:00
-1,2008-10-01 15:16:00
-1,2008-10-01 16:43:00
-1,2008-10-01 19:57:00
-1,2008-10-01 21:15:00
-1,2008-10-01 21:50:00
-1,2008-10-01 22:47:00
-1,2008-10-01 23:34:00
-1,2008-10-02 00:21:00
-1,2008-10-02 00:22:00
1,2008-10-02 03:17:00
-1,2008-10-02 03:27:00
-1,2008-10-02 04:11:00
-1,2008-10-02 04:23:00
-1,2008-10-02 04:24:00
-1,2008-10-02 06:49:00
-1,2008-10-02 07:35:00
-1,2008-10-02 07:58:00
-1,2008-10-02 08:24:00
-1,2008-10-02 08:52:00
-1,2008-10-02 08:57:00
1,2008-10-02 09:10:00
-1,2008-10-02 09:42:00
-1,2008-10-02 10:03:00
1,2008-10-02 14:07:00
1,2008-10-02 14:10:00
-1,2008-10-02 14:54:00
-1,2008-10-02 15:10:00
-1,2008-10-02 15:44:00
-1,2008-10-02 15:58:00
-1,2008-10-02 16:32:00
-1,2008-10-02 16:58:00
-1,2008-10-02 17:00:00
-1,2008-10-02 17:19:00
-1,2008-10-02 19:21:00
-1,2008-10-02 19:25:00
-1,2008-10-02 20:54:00
1,2008-10-02 21:32:00
-1,2008-10-02 21:33:00
-1,2008-10-02 22:23:00
-1,2008-10-02 22:33:00
-1,2008-10-02 23:32:00
-1,2008-10-02 23:32:00
-1,2008-10-03 00:24:00
-1,2008-10-03 00:55:00
-1,2008-10-03 02:41:00
-1,2008-10-03 03:52:00
-1,2008-10-03 03:56:00
-1,2008-10-03 04:49:00
-1,2008-10-03 05:01:00
-1,2008-10-03 05:45:00
-1,2008-10-03 06:15:00
-1,2008-10-03 08:35:00
-1,2008-10-03 09:30:00
-1,2008-10-03 11:40:00
-1,2008-10-03 12:31:00
-1,2008-10-03 18:45:00
-1,2008-10-03 19:23:00
-1,2008-10-03 19:23:00
-1,2008-10-03 20:11:00
-1,2008-10-03 20:26:00
-1,2008-10-03 20:35:00
-1,2008-10-03 20:46:00
-1,2008-10-03 21:15:00
-1,2008-10-03 21:52:00
-1,2008-10-03 22:08:00
-1,2008-10-03 22:53:00
-1,2008-10-03 23:46:00
-1,2008-10-04 00:58:00
-1,2008-10-04 01:49:00
-1,2008-10-04 02:36:00
-1,2008-10-04 03:53:00
-1,2008-10-04 04:12:00
-1,2008-10-04 04:45:00
-1,2008-10-04 09:29:00
-1,2008-10-04 15:16:00
-1,2008-10-04 16:58:00
-1,2008-10-04 18:15:00
-1,2008-10-04 18:25:00
-1,2008-10-04 18:59:00
-1,2008-10-04 19:12:00
-1,2008-10-04 19:47:00
-1,2008-10-04 19:54:00
-1,2008-10-04 20:39:00
-1,2008-10-04 22:06:00
1,2008-10-04 23:18:00
1,2008-10-05 00:33:00
-1,2008-10-05 00:33:00
-1,2008-10-05 01:35:00
-1,2008-10-05 04:01:00
-1,2008-10-05 04:20:00
-1,2008-10-05 04:48:00
-1,2008-10-05 05:31:00
-1,2008-10-05 05:53:00
-1,2008-10-05 06:15:00
-1,2008-10-05 08:02:00
-1,2008-10-05 08:40:00
-1,2008-10-05 09:04:00
-1,2008-10-05 09:47:00
-1,2008-10-05 10:00:00
-1,2008-10-05 10:43:00
-1,2008-10-05 11:05:00
-1,2008-10-05 11:30:00
-1,2008-10-05 12:03:00
-1,2008-10-05 12:17:00
-1,2008-10-05 13:49:00
-1,2008-10-05 14:34:00
1,2008-10-05 15:30:00
1,2008-10-05 15:35:00
-1,2008-10-05 16:15:00
1,2008-10-05 16:37:00
1,2008-10-05 16:49:00
1,2008-10-05 18:46:00
-1,2008-10-05 18:59:00
-1,2008-10-05 19:45:00
-1,2008-10-05 20:12:00
-1,2008-10-05 20:30:00
-1,2008-10-05 22:13:00
-1,2008-10-06 00:41:00
-1,2008-10-06 01:25:00
-1,2008-10-06 01:27:00
-1,2008-10-06 01:30:00
-1,2008-10-06 02:44:00
-1,2008-10-06 02:49:00
-1,2008-10-06 03:31:00
1,2008-10-06 03:50:00
1,2008-10-06 03:57:00
-1,2008-10-06 04:26:00
-1,2008-10-06 05:21:00
-1,2008-10-06 05:24:00
-1,2008-10-06 06:11:00
-1,2008-10-06 06:26:00
-1,2008-10-06 06:49:00
-1,2008-10-06 07:12:00
-1,2008-10-06 07:17:00
-1,2008-10-06 07:35:00
-1,2008-10-06 07:38:00
-1,2008-10-06 08:24:00
-1,2008-10-06 08:57:00
-1,2008-10-06 09:11:00
-1,2008-10-06 09:57:00
-1,2008-10-06 10:07:00
-1,2008-10-06 11:51:00
-1,2008-10-06 12:39:00
-1,2008-10-06 12:42:00
-1,2008-10-06 13:08:00
1,2008-10-06 13:38:00
1,2008-10-06 13:55:00
1,2008-10-06 15:00:00
-1,2008-10-06 15:01:00
-1,2008-10-06 15:52:00
-1,2008-10-06 16:42:00
-1,2008-10-06 16:50:00
-1,2008-10-06 17:26:00
-1,2008-10-06 17:26:00
-1,2008-10-06 17:35:00
-1,2008-10-06 18:54:00
-1,2008-10-06 18:55:00
-1,2008-10-06 19:42:00
-1,2008-10-06 20:02:00
-1,2008-10-06 20:36:00
-1,2008-10-06 20:47:00
-1,2008-10-06 21:46:00
-1,2008-10-06 21:48:00
-1,2008-10-06 22:37:00
-1,2008-10-06 23:03:00
-1,2008-10-07 01:46:00
-1,2008-10-07 03:29:00
-1,2008-10-07 03:39:00
-1,2008-10-07 07:32:00
-1,2008-10-07 07:41:00
-1,2008-10-07 08:25:00
-1,2008-10-07 08:26:00
-1,2008-10-07 09:11:00
-1,2008-10-07 09:20:00
-1,2008-10-07 09:59:00
-1,2008-10-07 10:04:00
-1,2008-10-07 10:10:00
-1,2008-10-07 10:51:00
-1,2008-10-07 11:15:00
-1,2008-10-07 11:16:00
-1,2008-10-07 11:36:00
-1,2008-10-07 12:40:00
1,2008-10-07 13:10:00
-1,2008-10-07 13:48:00
-1,2008-10-07 14:35:00
-1,2008-10-07 16:32:00
-1,2008-10-07 17:06:00
-1,2008-10-07 17:28:00
-1,2008-10-07 18:39:00
-1,2008-10-07 19:24:00
-1,2008-10-07 20:19:00
-1,2008-10-07 20:39:00
-1,2008-10-07 20:48:00
-1,2008-10-08 04:47:00
-1,2008-10-08 05:35:00
-1,2008-10-08 05:38:00
-1,2008-10-08 06:25:00
-1,2008-10-08 07:10:00
-1,2008-10-08 07:13:00
-1,2008-10-08 07:16:00
-1,2008-10-08 09:01:00
-1,2008-10-08 09:06:00
-1,2008-10-08 10:37:00
-1,2008-10-08 12:11:00
-1,2008-10-08 13:35:00
-1,2008-10-08 13:38:00
-1,2008-10-08 14:48:00
-1,2008-10-08 15:37:00
-1,2008-10-08 16:26:00
-1,2008-10-08 17:14:00
-1,2008-10-08 17:31:00
-1,2008-10-08 17:41:00
-1,2008-10-08 18:22:00
-1,2008-10-08 20:27:00
-1,2008-10-08 21:19:00
-1,2008-10-08 21:45:00
-1,2008-10-08 22:08:00
-1,2008-10-08 23:13:00
-1,2008-10-08 23:50:00
-1,2008-10-09 00:23:00
1,2008-10-09 04:34:00
-1,2008-10-09 06:06:00
-1,2008-10-09 07:38:00
-1,2008-10-09 14:15:00
-1,2008-10-09 15:04:00
1,2008-10-09 15:55:00
-1,2008-10-09 15:56:00
-1,2008-10-10 10:05:00
-1,2008-10-10 10:46:00
-1,2008-10-10 10:53:00
-1,2008-10-10 12:30:00
-1,2008-10-10 15:33:00
-1,2008-10-10 15:50:00
-1,2008-10-10 20:02:00
-1,2008-10-10 21:03:00
-1,2008-10-10 21:07:00
-1,2008-10-10 21:16:00
-1,2008-10-11 02:55:00
-1,2008-10-11 06:56:00
-1,2008-10-11 07:38:00
-1,2008-10-11 07:39:00
-1,2008-10-11 07:42:00
-1,2008-10-11 08:27:00
-1,2008-10-11 14:43:00
-1,2008-10-11 15:33:00
-1,2008-10-11 16:25:00
-1,2008-10-11 23:16:00
-1,2008-10-11 23:58:00
-1,2008-10-12 00:57:00
-1,2008-10-12 01:50:00
-1,2008-10-12 02:59:00
-1,2008-10-12 03:21:00
-1,2008-10-12 03:28:00
-1,2008-10-12 08:19:00
-1,2008-10-12 18:47:00
-1,2008-10-13 03:34:00
-1,2008-10-13 03:53:00
-1,2008-10-13 11:27:00
-1,2008-10-13 12:18:00
-1,2008-10-13 14:06:00
-1,2008-10-13 14:29:00
-1,2008-10-13 14:30:00
-1,2008-10-13 14:55:00
-1,2008-10-13 15:42:00
-1,2008-10-13 15:42:00
-1,2008-10-13 16:13:00
-1,2008-10-13 19:17:00
-1,2008-10-13 19:36:00
-1,2008-10-13 19:40:00
-1,2008-10-13 20:10:00
-1,2008-10-13 20:30:00
-1,2008-10-13 20:53:00
-1,2008-10-13 21:20:00
-1,2008-10-13 21:47:00
-1,2008-10-13 21:57:00
-1,2008-10-13 22:48:00
-1,2008-10-13 22:54:00
-1,2008-10-14 00:35:00
-1,2008-10-14 03:21:00
-1,2008-10-14 03:28:00
-1,2008-10-14 03:35:00
-1,2008-10-14 13:13:00
-1,2008-10-14 13:16:00
-1,2008-10-14 14:07:00
-1,2008-10-14 14:15:00
-1,2008-10-14 14:43:00
-1,2008-10-14 17:36:00
-1,2008-10-14 19:15:00
-1,2008-10-14 20:01:00
-1,2008-10-14 20:30:00
-1,2008-10-14 20:48:00
-1,2008-10-14 21:36:00
-1,2008-10-14 23:07:00
-1,2008-10-15 00:03:00
-1,2008-10-15 00:27:00
-1,2008-10-15 00:47:00
-1,2008-10-15 01:52:00
-1,2008-10-15 01:52:00
-1,2008-10-15 01:52:00
-1,2008-10-15 02:40:00
-1,2008-10-15 02:40:00
1,2008-10-15 02:42:00
-1,2008-10-15 03:24:00
-1,2008-10-15 04:08:00
-1,2008-10-15 05:13:00
-1,2008-10-15 05:16:00
-1,2008-10-15 06:49:00
-1,2008-10-15 07:36:00
-1,2008-10-15 07:55:00
-1,2008-10-15 08:21:00
-1,2008-10-15 09:11:00
-1,2008-10-15 10:00:00
-1,2008-10-15 12:53:00
-1,2008-10-15 13:14:00
-1,2008-10-15 13:16:00
-1,2008-10-15 14:08:00
-1,2008-10-15 15:11:00
-1,2008-10-15 16:24:00
-1,2008-10-15 17:19:00
-1,2008-10-15 18:16:00
-1,2008-10-15 19:15:00
-1,2008-10-15 19:24:00
-1,2008-10-15 21:44:00
-1,2008-10-15 22:45:00
-1,2008-10-15 22:54:00
-1,2008-10-15 23:00:00
-1,2008-10-15 23:45:00
-1,2008-10-16 02:16:00
-1,2008-10-16 02:16:00
-1,2008-10-16 02:17:00
-1,2008-10-16 02:22:00
-1,2008-10-16 02:55:00
-1,2008-10-16 03:56:00
-1,2008-10-16 04:02:00
-1,2008-10-16 04:02:00
-1,2008-10-16 04:04:00
-1,2008-10-16 04:47:00
-1,2008-10-16 04:50:00
-1,2008-10-16 04:54:00
-1,2008-10-16 05:08:00
-1,2008-10-16 05:13:00
-1,2008-10-16 05:44:00
-1,2008-10-16 05:58:00
-1,2008-10-16 15:02:00
-1,2008-10-16 15:13:00
-1,2008-10-16 20:49:00
-1,2008-10-17 05:26:00
-1,2008-10-17 06:01:00
-1,2008-10-17 06:07:00
